date,series,inflation
2009-01-01,administered,-2.67
2009-02-01,administered,-2.2
2009-03-01,administered,0.04
2009-04-01,administered,0.14
2009-05-01,administered,0.04
2009-06-01,administered,0.09
2009-07-01,administered,0.13
2009-08-01,administered,0.2
2009-09-01,administered,0.29
2009-10-01,administered,-0.01
2009-11-01,administered,0.11
2009-12-01,administered,0.68
2010-01-01,administered,0.44
2010-02-01,administered,0.18
2010-03-01,administered,0.08
2010-04-01,administered,0.23
2010-05-01,administered,0.15
2010-06-01,administered,0.19
2010-07-01,administered,1.24
2010-08-01,administered,2.09
2010-09-01,administered,0.18
2010-10-01,administered,0.08
2010-11-01,administered,0.23
2010-12-01,administered,0.18
2011-01-01,administered,0.26
2011-02-01,administered,0.32
2011-03-01,administered,0.21
2011-04-01,administered,0.17
2011-05-01,administered,0.2
2011-06-01,administered,0.32
2011-07-01,administered,0.21
2011-08-01,administered,0.29
2011-09-01,administered,0.32
2011-10-01,administered,0.16
2011-11-01,administered,0.15
2011-12-01,administered,0.14
2012-01-01,administered,0.43
2012-02-01,administered,0.24
2012-03-01,administered,0.24
2012-04-01,administered,0.32
2012-05-01,administered,0.09
2012-06-01,administered,0.26
2012-07-01,administered,0.03
2012-08-01,administered,0.35
2012-09-01,administered,0.28
2012-10-01,administered,0.23
2012-11-01,administered,0.05
2012-12-01,administered,0.1
2013-01-01,administered,0.2
2013-02-01,administered,0.72
2013-03-01,administered,0.24
2013-04-01,administered,0.14
2013-05-01,administered,0.96
2013-06-01,administered,3.24
2013-07-01,administered,7.9
2013-08-01,administered,0.62
2013-09-01,administered,0.34
2013-10-01,administered,0.25
2013-11-01,administered,0.63
2013-12-01,administered,0.52
2014-01-01,administered,1.0
2014-02-01,administered,0.01
2014-03-01,administered,0.31
2014-04-01,administered,0.28
2014-05-01,administered,0.3
2014-06-01,administered,0.45
2014-07-01,administered,1.32
2014-08-01,administered,0.63
2014-09-01,administered,0.54
2014-10-01,administered,1.34
2014-11-01,administered,4.2
2014-12-01,administered,6.1
2015-01-01,administered,-3.51
2015-02-01,administered,-1.24
2015-03-01,administered,0.83
2015-04-01,administered,1.88
2015-05-01,administered,0.38
2015-06-01,administered,0.26
2015-07-01,administered,1.67
2015-08-01,administered,-0.45
2015-09-01,administered,-0.4
2015-10-01,administered,0.03
2015-11-01,administered,0.2
2015-12-01,administered,0.86
2016-01-01,administered,-0.55
2016-02-01,administered,-0.76
2016-03-01,administered,-0.35
2016-04-01,administered,-1.7
2016-05-01,administered,0.27
2016-06-01,administered,0.72
2016-07-01,administered,1.32
2016-08-01,administered,-0.52
2016-09-01,administered,0.14
2016-10-01,administered,0.57
2016-11-01,administered,0.13
2016-12-01,administered,0.97
2017-01-01,administered,2.57
2017-02-01,administered,0.58
2017-03-01,administered,0.37
2017-04-01,administered,1.27
2017-05-01,administered,0.69
2017-06-01,administered,2.1
2017-07-01,administered,0.07
2017-08-01,administered,-0.48
2017-09-01,administered,0.15
2017-10-01,administered,-0.01
2017-11-01,administered,0.21
2017-12-01,administered,0.91
2018-01-01,administered,-0.15
2018-02-01,administered,0.07
2018-03-01,administered,0.2
2018-04-01,administered,0.24
2018-05-01,administered,0.27
2018-06-01,administered,1.38
2018-07-01,administered,-0.68
2018-08-01,administered,-0.06
2018-09-01,administered,0.0
2018-10-01,administered,0.32
2018-11-01,administered,0.52
2018-12-01,administered,1.2
2019-01-01,administered,-0.12
2019-02-01,administered,0.06
2019-03-01,administered,0.08
2019-04-01,administered,0.16
2019-05-01,administered,0.48
2019-06-01,administered,-0.09
2019-07-01,administered,-0.36
2019-08-01,administered,-0.4
2019-09-01,administered,0.01
2019-10-01,administered,0.03
2019-11-01,administered,0.03
2019-12-01,administered,0.63
2020-01-01,administered,-0.28
2020-02-01,administered,-0.11
2020-03-01,administered,-0.19
2020-04-01,administered,-0.14
2020-05-01,administered,0.67
2020-06-01,administered,0.22
2020-07-01,administered,-0.07
2020-08-01,administered,-0.02
2020-09-01,administered,-0.19
2020-10-01,administered,-0.15
2020-11-01,administered,0.16
2020-12-01,administered,0.35
2021-01-01,administered,-0.19
2021-02-01,administered,0.21
2021-03-01,administered,0.02
2021-04-01,administered,0.11
2021-05-01,administered,0.48
2021-06-01,administered,-0.21
2021-07-01,administered,0.05
2021-08-01,administered,0.02
2021-09-01,administered,0.14
2021-10-01,administered,0.33
2021-11-01,administered,0.37
2021-12-01,administered,0.45
2022-01-01,administered,0.38
2022-02-01,administered,0.18
2022-03-01,administered,
2022-04-01,administered,1.83
2022-05-01,administered,0.48
2022-06-01,administered,0.27
2022-07-01,administered,1.17
2022-08-01,administered,0.33
2022-09-01,administered,6.18
2022-10-01,administered,0.33
2022-11-01,administered,0.14
2022-12-01,administered,0.73
2023-01-01,administered,-0.55
2023-02-01,administered,0.14
2023-03-01,administered,0.12
2023-04-01,administered,0.69
2023-05-01,administered,-0.25
2023-06-01,administered,-0.02
2023-07-01,administered,0.44
2023-08-01,administered,-0.02
2023-09-01,administered,0.23
2023-10-01,administered,0.46
2023-11-01,administered,0.08
2023-12-01,administered,0.39
2024-01-01,administered,-0.48
2024-02-01,administered,0.15
2024-03-01,administered,0.08
2024-04-01,administered,0.62
2024-05-01,administered,-0.13
2024-06-01,administered,0.12
2024-07-01,administered,0.11
2024-08-01,administered,0.23
2024-09-01,administered,-0.04
2024-10-01,administered,-0.25
2024-11-01,administered,0.12
2024-12-01,administered,0.03
2025-01-01,administered,-7.38
2025-02-01,administered,-2.65
2025-03-01,administered,6.53
2025-04-01,administered,5.21
2025-05-01,administered,-0.02
2025-06-01,administered,0.09
2025-07-01,administered,0.09
2025-08-01,administered,-0.08
2025-09-01,administered,0.06
2025-10-01,administered,0.1
2025-11-01,administered,0.24
2025-12-01,administered,0.37
2026-01-01,administered,-0.32
2026-02-01,administered,-0.03
2026-03-01,administered,0.31
2026-04-01,administered,0.69
2026-05-01,administered,0.52
2026-06-01,administered,1.41
2026-07-01,administered,
2026-08-01,administered,-0.33
2026-09-01,administered,0.0
2009-01-01,core,0.44
2009-02-01,core,0.68
2009-03-01,core,0.46
2009-04-01,core,-0.04
2009-05-01,core,0.13
2009-06-01,core,0.2
2009-07-01,core,0.31
2009-08-01,core,0.43
2009-09-01,core,0.8
2009-10-01,core,0.2
2009-11-01,core,0.18
2009-12-01,core,0.4
2010-01-01,core,0.59
2010-02-01,core,0.15
2010-03-01,core,0.15
2010-04-01,core,0.09
2010-05-01,core,0.25
2010-06-01,core,0.34
2010-07-01,core,0.49
2010-08-01,core,0.52
2010-09-01,core,0.59
2010-10-01,core,0.36
2010-11-01,core,0.3
2010-12-01,core,0.38
2011-01-01,core,0.49
2011-02-01,core,0.31
2011-03-01,core,0.25
2011-04-01,core,0.25
2011-05-01,core,0.27
2011-06-01,core,0.33
2011-07-01,core,0.42
2011-08-01,core,1.09
2011-09-01,core,0.39
2011-10-01,core,-0.12
2011-11-01,core,0.31
2011-12-01,core,0.28
2012-01-01,core,0.44
2012-02-01,core,0.33
2012-03-01,core,0.2
2012-04-01,core,0.23
2012-05-01,core,0.18
2012-06-01,core,0.34
2012-07-01,core,0.54
2012-08-01,core,0.97
2012-09-01,core,0.34
2012-10-01,core,0.33
2012-11-01,core,0.14
2012-12-01,core,0.28
2013-01-01,core,0.36
2013-02-01,core,0.3
2013-03-01,core,0.13
2013-04-01,core,0.14
2013-05-01,core,0.06
2013-06-01,core,0.32
2013-07-01,core,0.99
2013-08-01,core,1.01
2013-09-01,core,0.57
2013-10-01,core,0.34
2013-11-01,core,0.2
2013-12-01,core,0.45
2014-01-01,core,0.56
2014-02-01,core,0.37
2014-03-01,core,0.21
2014-04-01,core,0.24
2014-05-01,core,0.23
2014-06-01,core,0.25
2014-07-01,core,0.52
2014-08-01,core,0.46
2014-09-01,core,0.29
2014-10-01,core,0.27
2014-11-01,core,0.4
2014-12-01,core,1.02
2015-01-01,core,0.61
2015-02-01,core,0.34
2015-03-01,core,0.29
2015-04-01,core,0.24
2015-05-01,core,0.23
2015-06-01,core,0.26
2015-07-01,core,0.34
2015-08-01,core,0.52
2015-09-01,core,0.44
2015-10-01,core,0.23
2015-11-01,core,0.16
2015-12-01,core,0.23
2016-01-01,core,0.29
2016-02-01,core,0.31
2016-03-01,core,0.21
2016-04-01,core,0.15
2016-05-01,core,0.23
2016-06-01,core,0.33
2016-07-01,core,0.34
2016-08-01,core,0.36
2016-09-01,core,0.33
2016-10-01,core,0.1
2016-11-01,core,0.15
2016-12-01,core,0.23
2017-01-01,core,0.56
2017-02-01,core,0.37
2017-03-01,core,0.1
2017-04-01,core,0.13
2017-05-01,core,0.16
2017-06-01,core,0.26
2017-07-01,core,0.26
2017-08-01,core,0.28
2017-09-01,core,0.35
2017-10-01,core,0.17
2017-11-01,core,0.13
2017-12-01,core,0.13
2018-01-01,core,0.31
2018-02-01,core,0.26
2018-03-01,core,0.19
2018-04-01,core,0.15
2018-05-01,core,0.21
2018-06-01,core,0.24
2018-07-01,core,0.41
2018-08-01,core,0.3
2018-09-01,core,0.28
2018-10-01,core,0.29
2018-11-01,core,0.22
2018-12-01,core,0.17
2019-01-01,core,0.3
2019-02-01,core,0.26
2019-03-01,core,0.16
2019-04-01,core,0.17
2019-05-01,core,0.27
2019-06-01,core,0.38
2019-07-01,core,0.33
2019-08-01,core,0.43
2019-09-01,core,0.29
2019-10-01,core,0.17
2019-11-01,core,0.11
2019-12-01,core,0.11
2020-01-01,core,0.19
2020-02-01,core,0.14
2020-03-01,core,0.29
2020-04-01,core,0.17
2020-05-01,core,0.06
2020-06-01,core,0.02
2020-07-01,core,0.16
2020-08-01,core,0.29
2020-09-01,core,0.13
2020-10-01,core,0.04
2020-11-01,core,0.06
2020-12-01,core,0.05
2021-01-01,core,0.14
2021-02-01,core,0.11
2021-03-01,core,-0.03
2021-04-01,core,0.14
2021-05-01,core,0.24
2021-06-01,core,0.14
2021-07-01,core,0.07
2021-08-01,core,0.21
2021-09-01,core,0.13
2021-10-01,core,0.07
2021-11-01,core,0.17
2021-12-01,core,0.16
2022-01-01,core,0.42
2022-02-01,core,0.31
2022-03-01,core,
2022-04-01,core,0.36
2022-05-01,core,0.23
2022-06-01,core,0.19
2022-07-01,core,0.28
2022-08-01,core,0.38
2022-09-01,core,0.3
2022-10-01,core,0.16
2022-11-01,core,0.15
2022-12-01,core,0.22
2023-01-01,core,0.33
2023-02-01,core,0.13
2023-03-01,core,0.16
2023-04-01,core,0.25
2023-05-01,core,0.06
2023-06-01,core,0.12
2023-07-01,core,0.13
2023-08-01,core,0.13
2023-09-01,core,0.12
2023-10-01,core,0.08
2023-11-01,core,0.12
2023-12-01,core,0.14
2024-01-01,core,0.2
2024-02-01,core,0.14
2024-03-01,core,0.23
2024-04-01,core,0.29
2024-05-01,core,0.17
2024-06-01,core,0.1
2024-07-01,core,0.18
2024-08-01,core,0.2
2024-09-01,core,0.16
2024-10-01,core,0.22
2024-11-01,core,0.17
2024-12-01,core,0.17
2025-01-01,core,0.3
2025-02-01,core,0.25
2025-03-01,core,0.24
2025-04-01,core,0.31
2025-05-01,core,0.08
2025-06-01,core,0.07
2025-07-01,core,0.13
2025-08-01,core,0.06
2025-09-01,core,0.18
2025-10-01,core,0.39
2025-11-01,core,0.17
2025-12-01,core,0.2
2026-01-01,core,0.37
2026-02-01,core,0.42
2026-03-01,core,0.13
2026-04-01,core,0.23
2026-05-01,core,0.22
2026-06-01,core,0.23
2026-07-01,core,
2026-08-01,core,0.21
2026-09-01,core,0.1
2009-01-01,headline,-0.07
2009-02-01,headline,0.21
2009-03-01,headline,0.22
2009-04-01,headline,-0.31
2009-05-01,headline,0.04
2009-06-01,headline,0.11
2009-07-01,headline,0.45
2009-08-01,headline,0.56
2009-09-01,headline,1.05
2009-10-01,headline,0.19
2009-11-01,headline,-0.03
2009-12-01,headline,0.33
2010-01-01,headline,0.84
2010-02-01,headline,0.3
2010-03-01,headline,-0.14
2010-04-01,headline,0.15
2010-05-01,headline,0.29
2010-06-01,headline,0.97
2010-07-01,headline,1.57
2010-08-01,headline,0.76
2010-09-01,headline,0.44
2010-10-01,headline,0.06
2010-11-01,headline,0.6
2010-12-01,headline,0.92
2011-01-01,headline,0.89
2011-02-01,headline,0.13
2011-03-01,headline,-0.32
2011-04-01,headline,-0.31
2011-05-01,headline,0.12
2011-06-01,headline,0.55
2011-07-01,headline,0.67
2011-08-01,headline,0.93
2011-09-01,headline,0.27
2011-10-01,headline,-0.12
2011-11-01,headline,0.34
2011-12-01,headline,0.57
2012-01-01,headline,0.76
2012-02-01,headline,0.05
2012-03-01,headline,0.07
2012-04-01,headline,0.21
2012-05-01,headline,0.07
2012-06-01,headline,0.62
2012-07-01,headline,0.7
2012-08-01,headline,0.95
2012-09-01,headline,0.01
2012-10-01,headline,0.16
2012-11-01,headline,0.07
2012-12-01,headline,0.54
2013-01-01,headline,1.03
2013-02-01,headline,0.75
2013-03-01,headline,0.63
2013-04-01,headline,-0.1
2013-05-01,headline,-0.03
2013-06-01,headline,1.03
2013-07-01,headline,3.29
2013-08-01,headline,1.12
2013-09-01,headline,-0.35
2013-10-01,headline,0.09
2013-11-01,headline,0.12
2013-12-01,headline,0.55
2014-01-01,headline,1.07
2014-02-01,headline,0.26
2014-03-01,headline,0.08
2014-04-01,headline,-0.02
2014-05-01,headline,0.16
2014-06-01,headline,0.43
2014-07-01,headline,0.93
2014-08-01,headline,0.47
2014-09-01,headline,0.27
2014-10-01,headline,0.47
2014-11-01,headline,1.5
2014-12-01,headline,2.46
2015-01-01,headline,-0.24
2015-02-01,headline,-0.36
2015-03-01,headline,0.17
2015-04-01,headline,0.36
2015-05-01,headline,0.5
2015-06-01,headline,0.54
2015-07-01,headline,0.93
2015-08-01,headline,0.39
2015-09-01,headline,-0.05
2015-10-01,headline,-0.08
2015-11-01,headline,0.21
2015-12-01,headline,0.96
2016-01-01,headline,0.51
2016-02-01,headline,-0.09
2016-03-01,headline,0.19
2016-04-01,headline,-0.45
2016-05-01,headline,0.24
2016-06-01,headline,0.66
2016-07-01,headline,0.69
2016-08-01,headline,-0.02
2016-09-01,headline,0.22
2016-10-01,headline,0.14
2016-11-01,headline,0.47
2016-12-01,headline,0.42
2017-01-01,headline,0.97
2017-02-01,headline,0.23
2017-03-01,headline,-0.02
2017-04-01,headline,0.09
2017-05-01,headline,0.39
2017-06-01,headline,0.69
2017-07-01,headline,0.22
2017-08-01,headline,-0.07
2017-09-01,headline,0.13
2017-10-01,headline,0.01
2017-11-01,headline,0.2
2017-12-01,headline,0.71
2018-01-01,headline,0.62
2018-02-01,headline,0.17
2018-03-01,headline,0.2
2018-04-01,headline,0.1
2018-05-01,headline,0.21
2018-06-01,headline,0.59
2018-07-01,headline,0.28
2018-08-01,headline,-0.05
2018-09-01,headline,-0.18
2018-10-01,headline,0.28
2018-11-01,headline,0.27
2018-12-01,headline,0.62
2019-01-01,headline,0.32
2019-02-01,headline,-0.08
2019-03-01,headline,0.11
2019-04-01,headline,0.44
2019-05-01,headline,0.68
2019-06-01,headline,0.55
2019-07-01,headline,0.31
2019-08-01,headline,0.12
2019-09-01,headline,-0.27
2019-10-01,headline,0.02
2019-11-01,headline,0.14
2019-12-01,headline,0.34
2020-01-01,headline,0.39
2020-02-01,headline,0.28
2020-03-01,headline,0.1
2020-04-01,headline,0.08
2020-05-01,headline,0.07
2020-06-01,headline,0.18
2020-07-01,headline,-0.1
2020-08-01,headline,-0.05
2020-09-01,headline,-0.05
2020-10-01,headline,0.07
2020-11-01,headline,0.28
2020-12-01,headline,0.45
2021-01-01,headline,0.26
2021-02-01,headline,0.1
2021-03-01,headline,0.08
2021-04-01,headline,0.13
2021-05-01,headline,0.32
2021-06-01,headline,-0.16
2021-07-01,headline,0.08
2021-08-01,headline,0.03
2021-09-01,headline,-0.04
2021-10-01,headline,0.12
2021-11-01,headline,0.37
2021-12-01,headline,0.57
2022-01-01,headline,0.56
2022-02-01,headline,-0.02
2022-03-01,headline,0.66
2022-04-01,headline,0.95
2022-05-01,headline,0.4
2022-06-01,headline,0.61
2022-07-01,headline,0.64
2022-08-01,headline,-0.21
2022-09-01,headline,1.17
2022-10-01,headline,-0.11
2022-11-01,headline,0.09
2022-12-01,headline,0.66
2023-01-01,headline,0.34
2023-02-01,headline,0.16
2023-03-01,headline,0.18
2023-04-01,headline,0.33
2023-05-01,headline,0.09
2023-06-01,headline,0.14
2023-07-01,headline,0.21
2023-08-01,headline,-0.02
2023-09-01,headline,0.19
2023-10-01,headline,0.17
2023-11-01,headline,0.38
2023-12-01,headline,0.41
2024-01-01,headline,0.04
2024-02-01,headline,0.37
2024-03-01,headline,0.52
2024-04-01,headline,0.25
2024-05-01,headline,-0.03
2024-06-01,headline,-0.08
2024-07-01,headline,-0.18
2024-08-01,headline,-0.03
2024-09-01,headline,-0.12
2024-10-01,headline,0.08
2024-11-01,headline,0.3
2024-12-01,headline,0.44
2025-01-01,headline,-0.76
2025-02-01,headline,-0.48
2025-03-01,headline,1.65
2025-04-01,headline,1.17
2025-05-01,headline,-0.37
2025-06-01,headline,0.19
2025-07-01,headline,0.3
2025-08-01,headline,-0.08
2025-09-01,headline,0.21
2025-10-01,headline,0.28
2025-11-01,headline,0.17
2025-12-01,headline,0.64
2026-01-01,headline,-0.15
2026-02-01,headline,0.68
2026-03-01,headline,0.41
2026-04-01,headline,0.13
2026-05-01,headline,0.28
2026-06-01,headline,0.44
2026-07-01,headline,
2026-08-01,headline,0.21
2026-09-01,headline,0.3
2009-01-01,volatile,0.79
2009-02-01,volatile,0.98
2009-03-01,volatile,-0.4
2009-04-01,volatile,-1.53
2009-05-01,volatile,-0.27
2009-06-01,volatile,-0.23
2009-07-01,volatile,1.22
2009-08-01,volatile,1.41
2009-09-01,volatile,2.67
2009-10-01,volatile,0.35
2009-11-01,volatile,-0.85
2009-12-01,volatile,-0.19
2010-01-01,volatile,1.98
2010-02-01,volatile,1.0
2010-03-01,volatile,-1.14
2010-04-01,volatile,0.34
2010-05-01,volatile,0.57
2010-06-01,volatile,3.7
2010-07-01,volatile,5.46
2010-08-01,volatile,0.45
2010-09-01,volatile,0.28
2010-10-01,volatile,-0.97
2010-11-01,volatile,1.69
2010-12-01,volatile,3.29
2011-01-01,volatile,2.42
2011-02-01,volatile,-0.48
2011-03-01,volatile,-2.28
2011-04-01,volatile,-2.31
2011-05-01,volatile,-0.44
2011-06-01,volatile,1.42
2011-07-01,volatile,2.05
2011-08-01,volatile,1.0
2011-09-01,volatile,-0.2
2011-10-01,volatile,-0.37
2011-11-01,volatile,0.72
2011-12-01,volatile,1.92
2012-01-01,volatile,2.02
2012-02-01,volatile,-0.94
2012-03-01,volatile,-0.41
2012-04-01,volatile,0.07
2012-05-01,volatile,-0.25
2012-06-01,volatile,1.73
2012-07-01,volatile,1.82
2012-08-01,volatile,1.46
2012-09-01,volatile,-1.17
2012-10-01,volatile,-0.41
2012-11-01,volatile,-0.11
2012-12-01,volatile,1.82
2013-01-01,volatile,3.76
2013-02-01,volatile,2.32
2013-03-01,volatile,2.44
2013-04-01,volatile,-0.96
2013-05-01,volatile,-1.1
2013-06-01,volatile,1.18
2013-07-01,volatile,6.07
2013-08-01,volatile,1.82
2013-09-01,volatile,-3.38
2013-10-01,volatile,-0.8
2013-11-01,volatile,-0.57
2013-12-01,volatile,0.79
2014-01-01,volatile,2.89
2014-02-01,volatile,0.32
2014-03-01,volatile,-0.55
2014-04-01,volatile,-1.26
2014-05-01,volatile,-0.22
2014-06-01,volatile,1.06
2014-07-01,volatile,2.0
2014-08-01,volatile,0.33
2014-09-01,volatile,-0.22
2014-10-01,volatile,0.24
2014-11-01,volatile,2.37
2014-12-01,volatile,3.53
2015-01-01,volatile,0.55
2015-02-01,volatile,-1.69
2015-03-01,volatile,-0.83
2015-04-01,volatile,-0.91
2015-05-01,volatile,1.52
2015-06-01,volatile,1.74
2015-07-01,volatile,2.13
2015-08-01,volatile,0.95
2015-09-01,volatile,-1.25
2015-10-01,volatile,-1.22
2015-11-01,volatile,0.35
2015-12-01,volatile,3.53
2016-01-01,volatile,2.4
2016-02-01,volatile,-0.68
2016-03-01,volatile,0.75
2016-04-01,volatile,-1.04
2016-05-01,volatile,0.32
2016-06-01,volatile,1.71
2016-07-01,volatile,1.2
2016-08-01,volatile,-0.8
2016-09-01,volatile,-0.09
2016-10-01,volatile,-0.26
2016-11-01,volatile,1.84
2016-12-01,volatile,0.47
2017-01-01,volatile,0.67
2017-02-01,volatile,-0.36
2017-03-01,volatile,-0.77
2017-04-01,volatile,-1.26
2017-05-01,volatile,0.91
2017-06-01,volatile,0.65
2017-07-01,volatile,0.17
2017-08-01,volatile,-0.87
2017-09-01,volatile,-0.67
2017-10-01,volatile,-0.53
2017-11-01,volatile,0.38
2017-12-01,volatile,2.46
2018-01-01,volatile,2.58
2018-02-01,volatile,0.1
2018-03-01,volatile,0.15
2018-04-01,volatile,-0.29
2018-05-01,volatile,0.19
2018-06-01,volatile,0.9
2018-07-01,volatile,0.9
2018-08-01,volatile,-1.24
2018-09-01,volatile,-1.83
2018-10-01,volatile,0.17
2018-11-01,volatile,0.23
2018-12-01,volatile,1.55
2019-01-01,volatile,0.97
2019-02-01,volatile,-1.3
2019-03-01,volatile,-0.02
2019-04-01,volatile,1.59
2019-05-01,volatile,2.18
2019-06-01,volatile,1.7
2019-07-01,volatile,0.89
2019-08-01,volatile,-0.25
2019-09-01,volatile,-2.26
2019-10-01,volatile,-0.47
2019-11-01,volatile,0.42
2019-12-01,volatile,0.86
2020-01-01,volatile,1.93
2020-02-01,volatile,1.27
2020-03-01,volatile,-0.38
2020-04-01,volatile,-0.09
2020-05-01,volatile,-0.5
2020-06-01,volatile,0.77
2020-07-01,volatile,-1.19
2020-08-01,volatile,-1.44
2020-09-01,volatile,-0.6
2020-10-01,volatile,0.4
2020-11-01,volatile,1.31
2020-12-01,volatile,2.17
2021-01-01,volatile,1.15
2021-02-01,volatile,-0.01
2021-03-01,volatile,0.56
2021-04-01,volatile,0.15
2021-05-01,volatile,0.39
2021-06-01,volatile,-1.23
2021-07-01,volatile,0.14
2021-08-01,volatile,-0.64
2021-09-01,volatile,-0.88
2021-10-01,volatile,0.07
2021-11-01,volatile,1.19
2021-12-01,volatile,2.32
2022-01-01,volatile,1.3
2022-02-01,volatile,-1.5
2022-03-01,volatile,
2022-04-01,volatile,2.3
2022-05-01,volatile,0.94
2022-06-01,volatile,2.51
2022-07-01,volatile,1.41
2022-08-01,volatile,-2.9
2022-09-01,volatile,-0.79
2022-10-01,volatile,-1.62
2022-11-01,volatile,-0.22
2022-12-01,volatile,2.24
2023-01-01,volatile,1.4
2023-02-01,volatile,0.28
2023-03-01,volatile,0.29
2023-04-01,volatile,0.29
2023-05-01,volatile,0.49
2023-06-01,volatile,0.44
2023-07-01,volatile,0.17
2023-08-01,volatile,-0.51
2023-09-01,volatile,0.37
2023-10-01,volatile,0.21
2023-11-01,volatile,1.72
2023-12-01,volatile,1.42
2024-01-01,volatile,0.01
2024-02-01,volatile,1.53
2024-03-01,volatile,2.16
2024-04-01,volatile,-0.31
2024-05-01,volatile,-0.69
2024-06-01,volatile,-0.98
2024-07-01,volatile,-1.92
2024-08-01,volatile,-1.24
2024-09-01,volatile,-1.34
2024-10-01,volatile,-0.11
2024-11-01,volatile,1.07
2024-12-01,volatile,2.04
2025-01-01,volatile,2.95
2025-02-01,volatile,-0.93
2025-03-01,volatile,1.96
2025-04-01,volatile,-0.04
2025-05-01,volatile,-2.48
2025-06-01,volatile,0.77
2025-07-01,volatile,1.25
2025-08-01,volatile,-0.61
2025-09-01,volatile,0.52
2025-10-01,volatile,0.03
2025-11-01,volatile,0.02
2025-12-01,volatile,2.74
2026-01-01,volatile,-1.96
2026-02-01,volatile,2.5
2026-03-01,volatile,1.58
2026-04-01,volatile,-0.88
2026-05-01,volatile,0.22
2026-06-01,volatile,0.14
2026-07-01,volatile,
2026-08-01,volatile,0.88
2026-09-01,volatile,1.46
