,date,inflation
0,2024-01-01,2.57
1,2024-02-01,2.75
2,2024-03-01,3.05
3,2024-04-01,3.0
4,2024-05-01,2.84
5,2024-06-01,2.51
6,2024-07-01,2.13
7,2024-08-01,2.12
8,2024-09-01,1.84
9,2024-10-01,1.71
10,2024-11-01,1.55
11,2024-12-01,1.57
12,2025-01-01,0.76
13,2025-02-01,-0.09
14,2025-03-01,1.03
15,2025-04-01,1.95
16,2025-05-01,1.6
17,2025-06-01,1.87
18,2025-07-01,2.37
19,2025-08-01,2.31
20,2025-09-01,2.65
21,2025-10-01,2.86
22,2025-11-01,2.72
23,2025-12-01,2.92
24,2026-01-01,3.55
25,2026-02-01,4.76
26,2026-03-01,3.48
27,2026-04-01,2.42
28,2026-05-01,3.08
29,2026-06-01,3.34
30,2026-07-01,2.88
31,2026-08-01,3.19
32,2026-09-01,3.28
