,date,inflation,yoy
0,2009-01-01,-0.07,
1,2009-02-01,0.21,
2,2009-03-01,0.22,
3,2009-04-01,-0.31,
4,2009-05-01,0.04,
5,2009-06-01,0.11,
6,2009-07-01,0.45,
7,2009-08-01,0.56,
8,2009-09-01,1.05,
9,2009-10-01,0.19,
10,2009-11-01,-0.03,
11,2009-12-01,0.33,2.75
12,2010-01-01,0.84,3.66
13,2010-02-01,-0.08,3.37
14,2010-03-01,-0.14,3.0100000000000002
15,2010-04-01,0.15,3.47
16,2010-05-01,0.29,3.72
17,2010-06-01,0.97,4.58
18,2010-07-01,1.57,5.699999999999999
19,2010-08-01,0.76,5.9
20,2010-09-01,0.44,5.289999999999999
21,2010-10-01,0.06,5.16
22,2010-11-01,0.6,5.79
23,2010-12-01,0.92,6.38
24,2011-01-01,0.89,6.430000000000001
25,2011-02-01,0.13,6.640000000000001
26,2011-03-01,-0.32,6.46
27,2011-04-01,-0.31,6.0
28,2011-05-01,0.12,5.83
29,2011-06-01,0.55,5.41
30,2011-07-01,0.67,4.51
31,2011-08-01,0.93,4.680000000000001
32,2011-09-01,0.27,4.51
33,2011-10-01,-0.12,4.33
34,2011-11-01,0.34,4.07
35,2011-12-01,0.57,3.7200000000000006
36,2012-01-01,0.76,3.5900000000000003
37,2012-02-01,0.05,3.51
38,2012-03-01,0.07,3.9000000000000004
39,2012-04-01,0.21,4.42
40,2012-05-01,0.07,4.370000000000001
41,2012-06-01,0.62,4.4399999999999995
42,2012-07-01,0.7,4.47
43,2012-08-01,0.95,4.49
44,2012-09-01,0.01,4.2299999999999995
45,2012-10-01,0.16,4.51
46,2012-11-01,0.07,4.24
47,2012-12-01,0.54,4.21
48,2013-01-01,1.03,4.48
49,2013-02-01,0.75,5.18
50,2013-03-01,0.63,5.74
51,2013-04-01,-0.1,5.43
52,2013-05-01,-0.03,5.33
53,2013-06-01,1.03,5.74
54,2013-07-01,3.29,8.33
55,2013-08-01,1.12,8.5
56,2013-09-01,-0.35,8.14
57,2013-10-01,0.09,8.07
58,2013-11-01,0.12,8.12
59,2013-12-01,0.55,8.129999999999999
60,2014-01-01,1.07,8.17
61,2014-02-01,0.26,7.680000000000001
62,2014-03-01,0.08,7.13
63,2014-04-01,-0.02,7.21
64,2014-05-01,0.16,7.4
65,2014-06-01,0.43,6.8
66,2014-07-01,0.93,4.44
67,2014-08-01,0.47,3.79
68,2014-09-01,0.27,4.41
69,2014-10-01,0.47,4.79
70,2014-11-01,1.5,6.17
71,2014-12-01,2.46,8.08
72,2015-01-01,-0.24,6.77
73,2015-02-01,-0.36,6.15
74,2015-03-01,0.17,6.24
75,2015-04-01,0.36,6.62
76,2015-05-01,0.5,6.96
77,2015-06-01,0.54,7.07
78,2015-07-01,0.93,7.07
79,2015-08-01,0.39,6.99
80,2015-09-01,-0.05,6.670000000000001
81,2015-10-01,-0.08,6.12
82,2015-11-01,0.21,4.83
83,2015-12-01,0.96,3.33
84,2016-01-01,0.51,4.08
85,2016-02-01,-0.09,4.35
86,2016-03-01,0.19,4.37
87,2016-04-01,-0.45,3.5600000000000005
88,2016-05-01,0.24,3.3
89,2016-06-01,0.66,3.42
90,2016-07-01,0.69,3.18
91,2016-08-01,-0.02,2.77
92,2016-09-01,0.22,3.04
93,2016-10-01,0.14,3.26
94,2016-11-01,0.47,3.52
95,2016-12-01,0.42,2.98
96,2017-01-01,0.97,3.4399999999999995
97,2017-02-01,0.23,3.7600000000000002
98,2017-03-01,-0.02,3.5500000000000003
99,2017-04-01,0.09,4.09
100,2017-05-01,0.39,4.24
101,2017-06-01,0.69,4.27
102,2017-07-01,0.22,3.8
103,2017-08-01,-0.07,3.75
104,2017-09-01,0.13,3.6599999999999997
105,2017-10-01,0.01,3.53
106,2017-11-01,0.2,3.26
107,2017-12-01,0.71,3.55
108,2018-01-01,0.62,3.2
109,2018-02-01,0.17,3.1399999999999997
110,2018-03-01,0.2,3.36
111,2018-04-01,0.1,3.3699999999999997
112,2018-05-01,0.21,3.1899999999999995
113,2018-06-01,0.59,3.0900000000000003
114,2018-07-01,0.28,3.15
115,2018-08-01,-0.05,3.17
116,2018-09-01,-0.18,2.86
117,2018-10-01,0.28,3.1300000000000003
118,2018-11-01,0.27,3.2
119,2018-12-01,0.62,3.1100000000000003
120,2019-01-01,0.32,2.81
121,2019-02-01,-0.08,2.56
122,2019-03-01,0.11,2.4699999999999998
123,2019-04-01,0.44,2.8100000000000005
124,2019-05-01,0.68,3.2800000000000002
125,2019-06-01,0.55,3.24
126,2019-07-01,0.31,3.2700000000000005
127,2019-08-01,0.12,3.44
128,2019-09-01,-0.27,3.35
129,2019-10-01,0.02,3.09
130,2019-11-01,0.14,2.96
131,2019-12-01,0.34,2.6799999999999997
132,2020-01-01,0.39,2.75
133,2020-02-01,0.28,3.1100000000000003
134,2020-03-01,0.1,3.1000000000000005
135,2020-04-01,0.08,2.7399999999999998
136,2020-05-01,0.07,2.1300000000000003
137,2020-06-01,0.18,1.76
138,2020-07-01,-0.1,1.35
139,2020-08-01,-0.05,1.18
140,2020-09-01,-0.05,1.4
141,2020-10-01,0.07,1.45
142,2020-11-01,0.28,1.59
143,2020-12-01,0.45,1.7000000000000002
144,2021-01-01,0.26,1.5699999999999998
145,2021-02-01,0.1,1.3900000000000001
146,2021-03-01,0.08,1.37
147,2021-04-01,0.13,1.42
148,2021-05-01,0.32,1.67
149,2021-06-01,-0.16,1.33
150,2021-07-01,0.08,1.51
151,2021-08-01,0.03,1.59
152,2021-09-01,-0.04,1.6
153,2021-10-01,0.12,1.6500000000000001
154,2021-11-01,0.37,1.7400000000000002
155,2021-12-01,0.57,1.8599999999999999
156,2022-01-01,0.56,2.16
157,2022-02-01,-0.02,2.04
158,2022-03-01,0.66,2.62
159,2022-04-01,0.95,3.44
160,2022-05-01,0.4,3.5200000000000005
161,2022-06-01,0.61,4.29
162,2022-07-01,0.64,4.85
163,2022-08-01,-0.21,4.609999999999999
164,2022-09-01,1.17,5.819999999999999
165,2022-10-01,-0.11,5.590000000000001
166,2022-11-01,0.09,5.3100000000000005
167,2022-12-01,0.66,5.4
168,2023-01-01,0.34,5.18
169,2023-02-01,0.16,5.36
170,2023-03-01,0.18,4.88
171,2023-04-01,0.33,4.26
172,2023-05-01,0.09,3.9499999999999997
173,2023-06-01,0.14,3.48
174,2023-07-01,0.21,3.05
175,2023-08-01,-0.02,3.24
176,2023-09-01,0.19,2.2600000000000002
177,2023-10-01,0.17,2.54
178,2023-11-01,0.38,2.83
179,2023-12-01,0.41,2.58
180,2024-01-01,0.04,2.28
181,2024-02-01,0.37,2.49
182,2024-03-01,0.52,2.83
183,2024-04-01,0.25,2.75
184,2024-05-01,-0.03,2.63
185,2024-06-01,-0.08,2.4099999999999997
186,2024-07-01,-0.18,2.02
187,2024-08-01,-0.03,2.01
188,2024-09-01,-0.12,1.7
189,2024-10-01,0.08,1.6099999999999999
190,2024-11-01,0.3,1.53
191,2024-12-01,0.44,1.56
192,2025-01-01,-0.76,0.76
193,2025-02-01,-0.48,-0.08999999999999997
194,2025-03-01,1.65,1.04
195,2025-04-01,1.17,1.96
196,2025-05-01,-0.37,1.62
197,2025-06-01,0.19,1.8900000000000001
198,2025-07-01,0.3,2.3699999999999997
199,2025-08-01,-0.08,2.32
200,2025-09-01,0.21,2.6500000000000004
201,2025-10-01,0.28,2.85
202,2025-11-01,0.17,2.7199999999999998
203,2025-12-01,0.64,2.92
204,2026-01-01,-0.15,3.5300000000000002
205,2026-02-01,0.68,4.6899999999999995
206,2026-03-01,0.41,3.45
207,2026-04-01,0.13,2.41
208,2026-05-01,0.28,3.0600000000000005
209,2026-06-01,0.44,3.3100000000000005
210,2026-07-01,-0.14,2.87
211,2026-08-01,0.21,3.16
212,2026-09-01,0.3,3.2500000000000004
