date,inflation
1/1/2009,-0.07
2/1/2009,0.21
3/1/2009,0.22
4/1/2009,-0.31
5/1/2009,0.04
6/1/2009,0.11
7/1/2009,0.45
8/1/2009,0.56
9/1/2009,1.05
10/1/2009,0.19
11/1/2009,-0.03
12/1/2009,0.33
1/1/2010,0.84
2/1/2010,-0.08
3/1/2010,-0.14
4/1/2010,0.15
5/1/2010,0.29
6/1/2010,0.97
7/1/2010,1.57
8/1/2010,0.76
9/1/2010,0.44
10/1/2010,0.06
11/1/2010,0.6
12/1/2010,0.92
1/1/2011,0.89
2/1/2011,0.13
3/1/2011,-0.32
4/1/2011,-0.31
5/1/2011,0.12
6/1/2011,0.55
7/1/2011,0.67
8/1/2011,0.93
9/1/2011,0.27
10/1/2011,-0.12
11/1/2011,0.34
12/1/2011,0.57
1/1/2012,0.76
2/1/2012,0.05
3/1/2012,0.07
4/1/2012,0.21
5/1/2012,0.07
6/1/2012,0.62
7/1/2012,0.7
8/1/2012,0.95
9/1/2012,0.01
10/1/2012,0.16
11/1/2012,0.07
12/1/2012,0.54
1/1/2013,1.03
2/1/2013,0.75
3/1/2013,0.63
4/1/2013,-0.1
5/1/2013,-0.03
6/1/2013,1.03
7/1/2013,3.29
8/1/2013,1.12
9/1/2013,-0.35
10/1/2013,0.09
11/1/2013,0.12
12/1/2013,0.55
1/1/2014,1.07
2/1/2014,0.26
3/1/2014,0.08
4/1/2014,-0.02
5/1/2014,0.16
6/1/2014,0.43
7/1/2014,0.93
8/1/2014,0.47
9/1/2014,0.27
10/1/2014,0.47
11/1/2014,1.5
12/1/2014,2.46
1/1/2015,-0.24
2/1/2015,-0.36
3/1/2015,0.17
4/1/2015,0.36
5/1/2015,0.5
6/1/2015,0.54
7/1/2015,0.93
8/1/2015,0.39
9/1/2015,-0.05
10/1/2015,-0.08
11/1/2015,0.21
12/1/2015,0.96
1/1/2016,0.51
2/1/2016,-0.09
3/1/2016,0.19
4/1/2016,-0.45
5/1/2016,0.24
6/1/2016,0.66
7/1/2016,0.69
8/1/2016,-0.02
9/1/2016,0.22
10/1/2016,0.14
11/1/2016,0.47
12/1/2016,0.42
1/1/2017,0.97
2/1/2017,0.23
3/1/2017,-0.02
4/1/2017,0.09
5/1/2017,0.39
6/1/2017,0.69
7/1/2017,0.22
8/1/2017,-0.07
9/1/2017,0.13
10/1/2017,0.01
11/1/2017,0.2
12/1/2017,0.71
1/1/2018,0.62
2/1/2018,0.17
3/1/2018,0.2
4/1/2018,0.1
5/1/2018,0.21
6/1/2018,0.59
7/1/2018,0.28
8/1/2018,-0.05
9/1/2018,-0.18
10/1/2018,0.28
11/1/2018,0.27
12/1/2018,0.62
1/1/2019,0.32
2/1/2019,-0.08
3/1/2019,0.11
4/1/2019,0.44
5/1/2019,0.68
6/1/2019,0.55
7/1/2019,0.31
8/1/2019,0.12
9/1/2019,-0.27
10/1/2019,0.02
11/1/2019,0.14
12/1/2019,0.34
1/1/2020,0.39
2/1/2020,0.28
3/1/2020,0.1
4/1/2020,0.08
5/1/2020,0.07
6/1/2020,0.18
7/1/2020,-0.1
8/1/2020,-0.05
9/1/2020,-0.05
10/1/2020,0.07
11/1/2020,0.28
12/1/2020,0.45
1/1/2021,0.26
2/1/2021,0.1
3/1/2021,0.08
4/1/2021,0.13
5/1/2021,0.32
6/1/2021,-0.16
7/1/2021,0.08
8/1/2021,0.03
9/1/2021,-0.04
10/1/2021,0.12
11/1/2021,0.37
12/1/2021,0.57
1/1/2022,0.56
2/1/2022,-0.02
3/1/2022,0.66
4/1/2022,0.95
5/1/2022,0.4
6/1/2022,0.61
7/1/2022,0.64
8/1/2022,-0.21
9/1/2022,1.17
10/1/2022,-0.11
11/1/2022,0.09
12/1/2022,0.66
1/1/2023,0.34
2/1/2023,0.16
3/1/2023,0.18
4/1/2023,0.33
5/1/2023,0.09
6/1/2023,0.14
7/1/2023,0.21
8/1/2023,-0.02
9/1/2023,0.19
10/1/2023,0.17
11/1/2023,0.38
12/1/2023,0.41
1/1/2024,0.04
2/1/2024,0.37
3/1/2024,0.52
4/1/2024,0.25
5/1/2024,-0.03
6/1/2024,-0.08
7/1/2024,-0.18
8/1/2024,-0.03
9/1/2024,-0.12
10/1/2024,0.08
11/1/2024,0.3
12/1/2024,0.44
1/1/2025,-0.76
2/1/2025,-0.48
3/1/2025,1.65
4/1/2025,1.17
5/1/2025,-0.37
6/1/2025,0.19
7/1/2025,0.3
8/1/2025,-0.08
9/1/2025,0.21
10/1/2025,0.28
11/1/2025,0.17
12/1/2025,0.64
1/1/2026,-0.15
2/1/2026,0.68
3/1/2026,0.41
4/1/2026,0.13
5/1/2026,0.28
6/1/2026,0.44
7/1/2026,-0.14
8/1/2026,0.21
9/1/2026,0.3
