date,INDONESIA,PROV ACEH,PROV BALI,PROV BANTEN,PROV BENGKULU,PROV DI YOGYAKARTA,PROV DKI JAKARTA,PROV GORONTALO,PROV JAMBI,PROV JAWA BARAT,PROV JAWA TENGAH,PROV JAWA TIMUR,PROV KALIMANTAN BARAT,PROV KALIMANTAN SELATAN,PROV KALIMANTAN TENGAH,PROV KALIMANTAN TIMUR,PROV KALIMANTAN UTARA,PROV KEPULAUAN BANGKA BELITUNG,PROV KEPULAUAN RIAU,PROV LAMPUNG,PROV MALUKU,PROV MALUKU UTARA,PROV NUSA TENGGARA BARAT,PROV NUSA TENGGARA TIMUR,PROV PAPUA,PROV PAPUA BARAT,PROV PAPUA BARAT DAYA,PROV PAPUA PEGUNUNGAN,PROV PAPUA SELATAN,PROV PAPUA TENGAH,PROV RIAU,PROV SULAWESI BARAT,PROV SULAWESI SELATAN,PROV SULAWESI TENGAH,PROV SULAWESI TENGGARA,PROV SULAWESI UTARA,PROV SUMATERA BARAT,PROV SUMATERA SELATAN,PROV SUMATERA UTARA
2024-01-01,2.57,2.12,2.61,2.59,2.83,2.6,1.83,4.4,2.99,3.02,2.69,2.47,2.75,2.79,3.4,2.95,1.99,1.21,3.38,3.28,4.12,4.33,2.87,2.7,1.52,3.05,1.49,3.93,4.51,4.76,2.35,2.25,2.38,2.97,2.46,3.81,2.57,3.35,2.16
2024-02-01,2.75,2.33,2.98,2.81,3.68,2.75,2.12,3.73,3.19,3.09,2.98,2.81,2.56,2.27,2.46,3.28,2.33,1.86,2.65,3.28,3.02,2.71,3.0,3.01,2.02,3.61,1.81,2.87,4.61,3.72,2.86,2.22,2.93,3.37,2.9,3.55,3.32,3.15,2.5
2024-03-01,3.05,3.25,3.67,3.42,3.56,2.95,2.18,4.13,3.84,3.48,3.4,3.04,2.51,2.58,2.72,3.03,2.62,1.8,3.37,3.45,2.75,3.57,3.63,1.92,1.98,4.78,1.42,2.37,3.7,4.1,3.57,2.76,2.75,3.38,2.93,3.82,3.93,3.24,3.67
2024-04-01,3.0,3.14,4.02,3.42,3.62,2.87,2.11,4.65,3.93,3.07,3.27,3.25,2.72,3.0,2.99,3.21,2.47,1.93,3.04,3.29,2.43,2.93,3.31,2.35,1.78,3.59,2.45,2.71,3.04,4.37,3.99,2.02,2.61,3.4,2.93,4.24,3.81,3.12,3.96
2024-05-01,2.84,3.32,3.54,2.86,3.71,2.28,2.08,4.91,3.55,2.78,2.66,2.83,2.84,2.63,2.72,3.29,2.42,1.25,3.67,3.09,3.21,3.27,2.77,2.41,2.18,4.56,1.87,3.57,4.19,5.39,4.41,1.25,2.42,3.1,2.57,4.15,4.17,2.98,4.26
2024-06-01,2.51,3.09,2.71,2.49,3.64,2.35,2.23,3.93,3.34,2.38,2.22,2.21,2.28,2.34,2.22,2.99,2.39,1.08,3.54,2.84,3.63,3.21,2.12,1.54,1.47,3.73,1.28,5.65,2.04,4.39,3.56,2.32,2.03,2.82,2.35,4.42,4.04,2.48,3.35
2024-07-01,2.13,2.51,2.53,2.3,2.31,2.16,1.97,3.07,2.14,2.25,1.86,2.13,1.58,1.85,1.28,2.18,1.98,0.84,2.81,2.55,2.71,2.96,1.91,0.85,0.91,2.83,1.77,5.09,1.2,4.16,2.22,2.08,1.74,2.45,1.73,4.03,2.44,1.87,2.06
2024-08-01,2.12,2.29,2.32,2.45,2.34,2.33,1.98,2.65,2.5,2.39,1.77,2.05,1.47,1.71,1.29,2.13,1.59,1.02,2.64,2.33,2.58,2.89,2.01,1.22,1.03,2.8,1.66,5.05,1.8,3.74,1.99,1.59,1.77,2.14,1.62,4.29,2.22,1.8,1.86
2024-09-01,1.84,1.5,2.67,2.03,1.48,1.85,1.7,2.78,1.95,2.09,1.57,1.73,1.79,1.98,1.45,2.16,1.74,0.49,2.53,2.16,1.79,3.56,1.77,1.07,0.82,2.91,2.59,4.14,1.6,3.83,1.38,2.05,1.67,2.15,1.06,3.66,1.52,1.4,1.4
2024-10-01,1.71,1.69,2.51,1.94,1.34,1.57,1.58,0.81,1.84,1.92,1.6,1.66,1.58,1.81,1.03,1.75,2.2,0.22,2.31,1.94,2.13,2.2,1.44,1.13,1.1,2.05,2.0,2.85,1.28,4.19,1.51,1.63,1.53,1.91,0.71,2.58,1.65,1.09,1.59
2024-11-01,1.55,1.55,2.5,1.9,0.82,1.14,1.58,0.27,1.42,1.67,1.33,1.41,1.61,2.01,1.02,1.54,1.68,0.22,1.89,1.5,2.23,2.78,1.46,0.83,2.46,2.84,2.33,3.58,1.23,4.35,0.87,1.18,1.52,1.71,1.05,2.12,0.8,0.73,1.49
2024-12-01,1.57,2.17,2.34,1.88,0.84,1.28,1.48,-0.79,1.43,1.64,1.67,1.51,1.71,1.95,1.03,1.47,1.29,0.75,2.09,1.57,1.28,1.5,1.28,1.19,1.75,2.53,1.87,5.36,1.78,3.27,1.25,1.49,1.23,1.29,1.05,0.44,0.89,1.2,2.12
2025-01-01,0.76,1.61,2.41,0.85,0.09,0.95,0.14,-1.52,0.46,0.79,1.28,1.06,0.15,0.62,0.28,0.21,-0.12,-0.23,2.01,1.04,0.76,-0.15,0.68,-0.06,0.6,-0.44,0.36,4.55,0.45,0.99,1.12,0.32,0.1,0.02,-0.39,-0.25,1.24,0.92,1.78
2025-02-01,-0.09,0.41,1.21,-0.33,-1.26,-0.3,-0.59,-0.29,-0.27,-0.27,-0.08,-0.03,0.04,0.25,0.28,-0.3,-0.49,-0.64,2.09,-0.02,1.33,0.16,-0.01,0.47,0.81,-1.98,-0.49,7.99,0.31,2.09,0.02,-0.24,-1.09,-0.38,-0.22,-0.15,-0.09,0.49,0.73
2025-03-01,1.03,1.53,1.89,0.7,-0.22,0.52,1.02,1.76,0.32,0.81,0.75,0.77,0.94,1.2,1.33,1.36,1.24,1.13,2.01,1.58,3.54,2.32,1.15,1.86,2.15,-0.23,0.24,8.05,2.68,3.7,0.68,1.55,0.67,1.88,1.53,1.41,0.3,1.77,0.69
2025-04-01,1.95,3.11,2.3,1.59,0.96,2.1,2.21,2.3,1.84,1.67,1.94,1.35,1.2,1.57,1.21,1.57,1.3,1.37,2.56,2.8,3.34,3.23,1.8,1.77,1.64,0.15,0.41,5.96,3.57,3.71,2.07,3.36,2.28,2.97,1.96,2.27,2.38,2.74,2.09
2025-05-01,1.6,2.35,1.92,1.57,0.39,2.04,2.07,0.28,0.96,1.47,1.66,1.22,0.59,1.25,0.46,1.03,1.24,0.79,1.73,2.12,2.24,1.89,1.63,1.6,1.33,-1.51,0.36,5.75,2.19,2.26,0.98,3.21,2.04,2.61,1.71,1.53,0.85,2.33,1.11
2025-06-01,1.87,2.19,2.94,1.83,-0.1,2.52,2.07,0.8,1.34,1.78,2.2,2.02,1.2,1.81,1.06,1.62,1.38,0.99,1.32,2.27,1.88,2.01,2.51,1.72,1.07,-0.67,0.5,2.01,3.0,2.33,0.98,2.57,2.24,2.47,2.52,1.71,0.45,2.44,1.25
2025-07-01,2.37,3.0,3.16,2.29,1.01,2.6,2.25,3.12,2.71,2.03,2.52,2.21,2.14,2.48,2.13,2.08,1.99,2.05,1.97,2.63,2.99,2.46,3.05,3.03,1.4,0.43,0.96,4.15,5.45,2.89,2.42,3.57,3.05,3.69,3.72,2.04,2.19,2.88,2.86
2025-08-01,2.31,3.7,2.65,1.95,1.3,2.3,2.16,2.51,2.76,1.77,2.48,2.17,2.13,2.68,2.08,1.79,2.24,1.34,2.19,1.05,3.25,0.43,2.56,2.71,0.54,-0.87,1.88,3.71,3.78,1.86,3.58,3.52,3.12,4.02,3.75,0.94,2.89,3.04,4.42
2025-09-01,2.65,4.45,2.51,2.31,2.57,2.56,2.4,1.99,3.77,2.19,2.65,2.53,1.94,2.91,2.35,1.77,2.32,1.82,2.7,1.17,3.01,-0.17,2.69,2.3,0.99,1.02,1.3,3.55,3.42,2.28,5.08,3.04,3.03,3.88,3.68,1.57,4.22,3.44,5.32
2025-10-01,2.86,4.66,2.61,2.75,2.85,2.9,2.69,2.44,3.71,2.63,2.86,2.69,2.07,3.11,2.73,1.94,2.23,2.51,3.01,1.2,2.3,1.18,2.96,2.0,0.53,1.42,1.36,3.32,3.43,2.11,4.95,2.64,2.98,3.92,3.26,1.48,4.52,3.49,4.97
2025-11-01,2.72,3.58,2.51,2.56,2.68,2.92,2.67,2.21,3.55,2.54,2.79,2.63,2.04,3.35,2.56,2.28,2.47,2.87,3.0,1.14,2.33,1.89,2.74,2.4,0.8,1.33,1.38,4.05,3.39,2.53,4.27,2.56,2.73,3.5,2.94,0.65,3.98,2.91,3.96
2025-12-01,2.92,6.71,2.91,2.74,2.77,3.11,2.63,2.52,3.71,2.63,2.72,2.93,1.85,3.66,3.13,2.68,2.57,2.77,3.47,1.25,3.58,1.63,3.01,2.39,2.54,2.59,2.15,3.22,2.95,3.28,4.88,2.48,2.84,3.31,2.86,1.23,5.15,2.91,4.66
2026-01-01,3.55,6.69,2.58,3.48,2.61,3.3,3.96,4.53,3.35,3.24,2.83,3.29,3.33,4.66,4.09,3.76,4.08,3.95,2.94,1.9,4.7,4.86,3.86,3.34,3.33,5.02,3.75,2.93,4.83,4.85,4.43,4.34,4.11,4.55,5.1,3.04,3.92,3.33,3.81
2026-02-01,4.76,6.94,3.89,5.14,3.88,4.91,4.91,5.3,4.59,4.71,4.43,4.88,3.9,5.97,5.06,4.64,4.75,3.31,3.54,2.95,5.97,5.85,5.37,3.42,3.94,5.83,4.16,0.63,5.5,4.93,5.3,5.15,6.13,5.33,5.41,4.64,4.39,4.36,4.71
2026-03-01,3.48,5.31,2.81,3.55,2.85,4.08,3.37,2.6,3.55,3.6,3.54,3.79,2.89,4.83,3.86,3.31,3.12,1.87,3.23,1.16,3.4,2.56,4.09,2.4,3.5,3.51,4.09,3.14,3.6,2.54,3.65,2.94,4.5,2.83,3.37,2.2,3.37,3.09,3.86
2026-04-01,2.42,3.88,2.08,2.14,1.87,2.46,2.12,2.24,2.1,2.49,2.11,2.85,2.5,3.67,3.66,2.5,2.68,1.49,3.06,0.53,3.13,2.03,3.27,2.62,3.8,5.0,3.85,4.89,3.34,1.53,2.37,1.66,2.68,2.21,2.98,2.14,1.97,1.63,2.92
2026-05-01,3.08,5.12,2.99,2.7,3.01,2.77,2.49,2.99,3.56,3.07,2.85,3.49,3.29,4.22,4.56,3.04,2.9,2.46,3.92,1.94,3.27,2.82,3.78,2.76,2.79,5.94,3.8,4.44,2.17,2.05,3.95,1.99,3.12,2.77,4.07,2.33,3.91,2.61,4.35
2026-06-01,3.34,5.84,3.27,2.93,3.96,2.91,2.78,4.77,3.85,3.08,2.92,3.36,3.28,4.47,4.47,3.2,3.3,2.92,4.67,2.46,3.8,5.05,3.55,3.56,3.72,6.99,5.14,7.84,2.95,3.65,4.55,2.29,3.56,3.83,4.68,3.83,4.7,2.89,4.79
2026-07-01,2.88,5.38,2.42,2.49,3.78,2.54,2.5,2.95,3.25,2.72,2.6,2.87,3.18,4.28,4.32,3.31,2.0,2.62,4.24,1.76,2.75,3.95,3.01,2.43,2.71,5.47,4.29,4.64,1.46,2.79,3.82,2.0,2.75,2.86,3.43,2.53,4.12,2.5,4.2
2026-08-01,3.19,4.86,3.45,2.95,3.99,3.07,2.71,3.36,3.6,3.13,3.08,3.32,3.65,4.69,4.96,3.83,2.17,3.94,3.87,3.53,3.68,5.28,4.03,2.59,2.75,5.27,3.5,3.77,2.56,3.74,3.27,2.29,2.86,2.61,3.35,3.99,3.76,2.6,3.23
2026-09-01,3.28,5.03,3.79,3.14,3.38,3.18,2.71,5.46,2.97,3.16,3.18,3.33,4.35,4.86,5.02,3.98,2.56,4.3,3.49,3.51,3.91,5.72,4.18,2.67,3.0,5.2,4.61,5.42,3.84,5.41,2.79,2.82,3.75,3.21,4.17,7.59,3.5,2.55,2.71
