series_id,group_no,name,theme,source_file,frequency,unit,start,end,n_obs,gaps,bad_direction,bad_direction_status,notes
pihps.traditional.01_beras,1,Rice (Beras) - Traditional Market,Food prices,Dataset/Food Prices/PIHPS/Traditional Market/,weekly,IDR per kg,2019-01-01,2026-09-24,403,missing: 2020-01-01; 2021-01-01; 2021-05-14; 2022-02-28; 2022-05-02,up,to_confirm,National average; group-level row of the PIHPS table
pihps.traditional.02_daging_ayam,2,Chicken (Daging Ayam) - Traditional Market,Food prices,Dataset/Food Prices/PIHPS/Traditional Market/,weekly,IDR per kg,2019-01-01,2026-09-24,403,missing: 2020-01-01; 2021-01-01; 2021-05-14; 2022-02-28; 2022-05-02,up,to_confirm,National average; group-level row of the PIHPS table
pihps.traditional.03_daging_sapi,3,Beef (Daging Sapi) - Traditional Market,Food prices,Dataset/Food Prices/PIHPS/Traditional Market/,weekly,IDR per kg,2019-01-01,2026-09-24,403,missing: 2020-01-01; 2021-01-01; 2021-05-14; 2022-02-28; 2022-05-02,up,to_confirm,National average; group-level row of the PIHPS table
pihps.traditional.04_telur_ayam,4,Chicken eggs (Telur Ayam) - Traditional Market,Food prices,Dataset/Food Prices/PIHPS/Traditional Market/,weekly,IDR per kg,2019-01-01,2026-09-24,403,missing: 2020-01-01; 2021-01-01; 2021-05-14; 2022-02-28; 2022-05-02,up,to_confirm,National average; group-level row of the PIHPS table
pihps.traditional.05_bawang_merah,5,Shallot (Bawang Merah) - Traditional Market,Food prices,Dataset/Food Prices/PIHPS/Traditional Market/,weekly,IDR per kg,2019-01-01,2026-09-24,403,missing: 2020-01-01; 2021-01-01; 2021-05-14; 2022-02-28; 2022-05-02,up,to_confirm,National average; group-level row of the PIHPS table
pihps.traditional.06_bawang_putih,6,Garlic (Bawang Putih) - Traditional Market,Food prices,Dataset/Food Prices/PIHPS/Traditional Market/,weekly,IDR per kg,2019-01-01,2026-09-24,403,missing: 2020-01-01; 2021-01-01; 2021-05-14; 2022-02-28; 2022-05-02,up,to_confirm,National average; group-level row of the PIHPS table
pihps.traditional.07_cabai_merah,7,Red chili (Cabai Merah) - Traditional Market,Food prices,Dataset/Food Prices/PIHPS/Traditional Market/,weekly,IDR per kg,2019-01-01,2026-09-24,403,missing: 2020-01-01; 2021-01-01; 2021-05-14; 2022-02-28; 2022-05-02,up,to_confirm,National average; group-level row of the PIHPS table
pihps.traditional.08_cabai_rawit,8,Bird's-eye chili (Cabai Rawit) - Traditional Market,Food prices,Dataset/Food Prices/PIHPS/Traditional Market/,weekly,IDR per kg,2019-01-01,2026-09-24,403,missing: 2020-01-01; 2021-01-01; 2021-05-14; 2022-02-28; 2022-05-02,up,to_confirm,National average; group-level row of the PIHPS table
pihps.traditional.09_minyak_goreng,9,Cooking oil (Minyak Goreng) - Traditional Market,Food prices,Dataset/Food Prices/PIHPS/Traditional Market/,weekly,IDR per litre,2019-01-01,2026-09-24,403,missing: 2020-01-01; 2021-01-01; 2021-05-14; 2022-02-28; 2022-05-02,up,to_confirm,National average; group-level row of the PIHPS table
pihps.traditional.10_gula_pasir,10,Sugar (Gula Pasir) - Traditional Market,Food prices,Dataset/Food Prices/PIHPS/Traditional Market/,weekly,IDR per kg,2019-01-01,2026-09-24,403,missing: 2020-01-01; 2021-01-01; 2021-05-14; 2022-02-28; 2022-05-02,up,to_confirm,National average; group-level row of the PIHPS table
pihps.modern.01_beras,1,Rice (Beras) - Modern Market,Food prices,Dataset/Food Prices/PIHPS/Modern Market/,weekly,IDR per kg,2019-01-01,2026-09-24,407,missing: 2022-02-28,up,to_confirm,National average; group-level row of the PIHPS table
pihps.modern.02_daging_ayam,2,Chicken (Daging Ayam) - Modern Market,Food prices,Dataset/Food Prices/PIHPS/Modern Market/,weekly,IDR per kg,2019-01-01,2026-09-24,407,missing: 2022-02-28,up,to_confirm,National average; group-level row of the PIHPS table
pihps.modern.03_daging_sapi,3,Beef (Daging Sapi) - Modern Market,Food prices,Dataset/Food Prices/PIHPS/Modern Market/,weekly,IDR per kg,2019-01-01,2026-09-24,407,missing: 2022-02-28,up,to_confirm,National average; group-level row of the PIHPS table
pihps.modern.04_telur_ayam,4,Chicken eggs (Telur Ayam) - Modern Market,Food prices,Dataset/Food Prices/PIHPS/Modern Market/,weekly,IDR per kg,2019-01-01,2026-09-24,407,missing: 2022-02-28,up,to_confirm,National average; group-level row of the PIHPS table
pihps.modern.05_bawang_merah,5,Shallot (Bawang Merah) - Modern Market,Food prices,Dataset/Food Prices/PIHPS/Modern Market/,weekly,IDR per kg,2019-01-01,2026-09-24,407,missing: 2022-02-28,up,to_confirm,National average; group-level row of the PIHPS table
pihps.modern.06_bawang_putih,6,Garlic (Bawang Putih) - Modern Market,Food prices,Dataset/Food Prices/PIHPS/Modern Market/,weekly,IDR per kg,2019-01-01,2026-09-24,407,missing: 2022-02-28,up,to_confirm,National average; group-level row of the PIHPS table
pihps.modern.07_cabai_merah,7,Red chili (Cabai Merah) - Modern Market,Food prices,Dataset/Food Prices/PIHPS/Modern Market/,weekly,IDR per kg,2019-01-01,2026-09-24,407,missing: 2022-02-28,up,to_confirm,National average; group-level row of the PIHPS table
pihps.modern.08_cabai_rawit,8,Bird's-eye chili (Cabai Rawit) - Modern Market,Food prices,Dataset/Food Prices/PIHPS/Modern Market/,weekly,IDR per kg,2019-01-01,2026-09-24,407,missing: 2022-02-28,up,to_confirm,National average; group-level row of the PIHPS table
pihps.modern.09_minyak_goreng,9,Cooking oil (Minyak Goreng) - Modern Market,Food prices,Dataset/Food Prices/PIHPS/Modern Market/,weekly,IDR per litre,2019-01-01,2026-09-24,407,missing: 2022-02-28,up,to_confirm,National average; group-level row of the PIHPS table
pihps.modern.10_gula_pasir,10,Sugar (Gula Pasir) - Modern Market,Food prices,Dataset/Food Prices/PIHPS/Modern Market/,weekly,IDR per kg,2019-01-01,2026-09-24,407,missing: 2022-02-28,up,to_confirm,National average; group-level row of the PIHPS table
pihps.wholesale.01_beras,1,Rice (Beras) - Wholesale,Food prices,Dataset/Food Prices/PIHPS/Wholesale/,weekly,IDR per kg,2019-01-01,2026-09-24,407,missing: 2022-02-28,up,to_confirm,National average; group-level row of the PIHPS table
pihps.wholesale.02_daging_ayam,2,Chicken (Daging Ayam) - Wholesale,Food prices,Dataset/Food Prices/PIHPS/Wholesale/,weekly,IDR per kg,2019-01-01,2026-09-24,407,missing: 2022-02-28,up,to_confirm,National average; group-level row of the PIHPS table
pihps.wholesale.03_daging_sapi,3,Beef (Daging Sapi) - Wholesale,Food prices,Dataset/Food Prices/PIHPS/Wholesale/,weekly,IDR per kg,2019-01-01,2026-09-24,407,missing: 2022-02-28,up,to_confirm,National average; group-level row of the PIHPS table
pihps.wholesale.04_telur_ayam,4,Chicken eggs (Telur Ayam) - Wholesale,Food prices,Dataset/Food Prices/PIHPS/Wholesale/,weekly,IDR per kg,2019-01-01,2026-09-24,407,missing: 2022-02-28,up,to_confirm,National average; group-level row of the PIHPS table
pihps.wholesale.05_bawang_merah,5,Shallot (Bawang Merah) - Wholesale,Food prices,Dataset/Food Prices/PIHPS/Wholesale/,weekly,IDR per kg,2019-01-01,2026-09-24,407,missing: 2022-02-28,up,to_confirm,National average; group-level row of the PIHPS table
pihps.wholesale.06_bawang_putih,6,Garlic (Bawang Putih) - Wholesale,Food prices,Dataset/Food Prices/PIHPS/Wholesale/,weekly,IDR per kg,2019-01-01,2026-09-24,407,missing: 2022-02-28,up,to_confirm,National average; group-level row of the PIHPS table
pihps.wholesale.07_cabai_merah,7,Red chili (Cabai Merah) - Wholesale,Food prices,Dataset/Food Prices/PIHPS/Wholesale/,weekly,IDR per kg,2019-01-01,2026-09-24,407,missing: 2022-02-28,up,to_confirm,National average; group-level row of the PIHPS table
pihps.wholesale.08_cabai_rawit,8,Bird's-eye chili (Cabai Rawit) - Wholesale,Food prices,Dataset/Food Prices/PIHPS/Wholesale/,weekly,IDR per kg,2019-01-01,2026-09-24,407,missing: 2022-02-28,up,to_confirm,National average; group-level row of the PIHPS table
pihps.wholesale.09_minyak_goreng,9,Cooking oil (Minyak Goreng) - Wholesale,Food prices,Dataset/Food Prices/PIHPS/Wholesale/,weekly,IDR per litre,2019-01-01,2026-09-24,407,missing: 2022-02-28,up,to_confirm,National average; group-level row of the PIHPS table
pihps.wholesale.10_gula_pasir,10,Sugar (Gula Pasir) - Wholesale,Food prices,Dataset/Food Prices/PIHPS/Wholesale/,weekly,IDR per kg,2019-01-01,2026-09-24,407,missing: 2022-02-28,up,to_confirm,National average; group-level row of the PIHPS table
bi_consumer_survey.ikk,,Consumer Confidence Index (IKK),Consumer sentiment,Dataset/Consumption/bi_consumer_survey.csv,monthly,index,2012-01-01,2026-08-01,176,none,down,to_confirm,
bi_consumer_survey.ike,,Current Economic Condition Index (IKE),Consumer sentiment,Dataset/Consumption/bi_consumer_survey.csv,monthly,index,2012-01-01,2026-08-01,176,none,down,to_confirm,
bi_consumer_survey.iek,,Consumer Expectations Index (IEK),Consumer sentiment,Dataset/Consumption/bi_consumer_survey.csv,monthly,index,2012-01-01,2026-08-01,176,none,down,to_confirm,
bi_consumer_survey.ipsi,,Current Income Index (IPSI),Consumer sentiment,Dataset/Consumption/bi_consumer_survey.csv,monthly,index,2012-01-01,2026-08-01,176,none,down,to_confirm,
bi_consumer_survey.iklk,,Current Job Availability Index (IKLK),Consumer sentiment,Dataset/Consumption/bi_consumer_survey.csv,monthly,index,2012-01-01,2026-08-01,176,none,down,to_confirm,
bi_consumer_survey.iep,,Income Expectations Index (IEP),Consumer sentiment,Dataset/Consumption/bi_consumer_survey.csv,monthly,index,2012-01-01,2026-08-01,176,none,down,to_confirm,
bi_consumer_survey.ieklk,,Job Availability Expectations Index (IEKLK),Consumer sentiment,Dataset/Consumption/bi_consumer_survey.csv,monthly,index,2012-01-01,2026-08-01,176,none,down,to_confirm,
bi_consumer_survey.ieku,,Business Activity Expectations Index (IEKU),Consumer sentiment,Dataset/Consumption/bi_consumer_survey.csv,monthly,index,2012-01-01,2026-08-01,176,none,down,to_confirm,
bi_consumer_survey.durable_goods_purchase,,Durable Goods Purchase Index,Consumer sentiment,Dataset/Consumption/bi_consumer_survey.csv,monthly,index,2012-01-01,2026-08-01,176,none,down,to_confirm,
bi_consumer_survey.expenditure_share.consumption,,Share of income spent on consumption,Household spending share,Dataset/Consumption/bi_consumer_survey.csv,monthly,percent,2012-01-01,2026-08-01,172,no data between 2020-03 to 2020-08,both,to_confirm,Can signal pressure (up) or caution (down)
bi_consumer_survey.expenditure_share.saving,,Share of income saved,Household spending share,Dataset/Consumption/bi_consumer_survey.csv,monthly,percent,2012-01-01,2026-08-01,172,no data between 2020-03 to 2020-08,down,to_confirm,
bi_consumer_survey.expenditure_share.loan_instalment,,Share of income paying loan instalments,Household spending share,Dataset/Consumption/bi_consumer_survey.csv,monthly,percent,2012-01-01,2026-08-01,172,no data between 2020-03 to 2020-08,up,to_confirm,
bi_card_transactions.atm_debit.cards,,ATM/debit cards in circulation,Card payments,Dataset/Consumption/bi_card_transactions.csv,monthly,million units,2009-01-01,2026-06-01,210,none,down,to_confirm,
bi_card_transactions.atm_debit.value,,ATM/debit transaction value,Card payments,Dataset/Consumption/bi_card_transactions.csv,monthly,IDR billion,2009-01-01,2026-06-01,210,none,down,to_confirm,
bi_card_transactions.atm_debit.volume,,ATM/debit transaction volume,Card payments,Dataset/Consumption/bi_card_transactions.csv,monthly,thousand transactions,2009-01-01,2026-06-01,210,none,down,to_confirm,
bi_card_transactions.credit.cards,,Credit cards in circulation,Card payments,Dataset/Consumption/bi_card_transactions.csv,monthly,million units,2009-01-01,2026-06-01,210,none,down,to_confirm,
bi_card_transactions.credit.value,,Credit card transaction value,Card payments,Dataset/Consumption/bi_card_transactions.csv,monthly,IDR billion,2009-01-01,2026-06-01,210,none,down,to_confirm,
bi_card_transactions.credit.volume,,Credit card transaction volume,Card payments,Dataset/Consumption/bi_card_transactions.csv,monthly,thousand transactions,2009-01-01,2026-06-01,210,none,down,to_confirm,
bi_emoney.float_funds,,E-money float funds (total),E-money,Dataset/Consumption/bi_emoney.csv,monthly,IDR billion,2013-01-01,2026-06-01,162,none,both,to_confirm,
bi_emoney.float_funds_bank,,E-money float funds (bank issuers),E-money,Dataset/Consumption/bi_emoney.csv,monthly,IDR billion,2013-01-01,2026-06-01,162,none,both,to_confirm,
bi_emoney.float_funds_nonbank,,E-money float funds (non-bank issuers),E-money,Dataset/Consumption/bi_emoney.csv,monthly,IDR billion,2013-01-01,2026-06-01,162,none,both,to_confirm,
bi_emoney.instruments,,E-money instruments (total),E-money,Dataset/Consumption/bi_emoney.csv,monthly,million units,2009-01-01,2026-06-01,210,none,down,to_confirm,
bi_emoney.instruments_chip,,E-money instruments (chip-based),E-money,Dataset/Consumption/bi_emoney.csv,monthly,million units,2013-01-01,2026-06-01,162,none,down,to_confirm,Structural decline as users move to server-based
bi_emoney.instruments_server,,E-money instruments (server-based),E-money,Dataset/Consumption/bi_emoney.csv,monthly,million units,2013-01-01,2026-06-01,162,none,down,to_confirm,
bi_emoney.value,,E-money transaction value (total),E-money,Dataset/Consumption/bi_emoney.csv,monthly,IDR billion,2009-01-01,2026-06-01,210,none,down,to_confirm,
bi_emoney.value_purchase,,E-money purchase value,E-money,Dataset/Consumption/bi_emoney.csv,monthly,IDR billion,2009-01-01,2026-06-01,210,none,down,to_confirm,
bi_emoney.value_topup,,E-money top-up value,E-money,Dataset/Consumption/bi_emoney.csv,monthly,IDR billion,2013-01-01,2026-06-01,162,none,down,to_confirm,
bi_emoney.volume,,E-money transaction volume (total),E-money,Dataset/Consumption/bi_emoney.csv,monthly,thousand transactions,2009-01-01,2026-06-01,210,none,down,to_confirm,
bi_emoney.volume_purchase,,E-money purchase volume,E-money,Dataset/Consumption/bi_emoney.csv,monthly,thousand transactions,2009-01-01,2026-06-01,210,none,down,to_confirm,
bi_emoney.volume_topup,,E-money top-up volume,E-money,Dataset/Consumption/bi_emoney.csv,monthly,thousand transactions,2013-01-01,2026-06-01,162,none,down,to_confirm,
bi_payment_system.currency_in_circulation,,Currency in circulation,Money & payments,Dataset/Consumption/bi_payment_system.csv,monthly,IDR billion,2012-01-01,2026-07-01,175,none,both,to_confirm,Normal spike before Idul Fitri
bi_payment_system.demand_deposits_rupiah,,Rupiah demand deposits,Money & payments,Dataset/Consumption/bi_payment_system.csv,monthly,IDR billion,2012-01-01,2026-06-01,174,none,both,to_confirm,
bi_payment_system.emoney_instruments_outstanding,,E-money instruments outstanding,Money & payments,Dataset/Consumption/bi_payment_system.csv,monthly,million instruments,2012-01-01,2026-06-01,174,none,down,to_confirm,
bi_payment_system.narrow_money,,Narrow money (M1),Money & payments,Dataset/Consumption/bi_payment_system.csv,monthly,IDR billion,2012-01-01,2026-06-01,174,none,both,to_confirm,
bi_payment_system.rtgs.value,,RTGS transaction value,Money & payments,Dataset/Consumption/bi_payment_system.csv,monthly,IDR billion,2012-01-01,2026-07-01,175,none,down,to_confirm,
bi_payment_system.rtgs.volume,,RTGS transaction volume,Money & payments,Dataset/Consumption/bi_payment_system.csv,monthly,thousand transactions,2012-01-01,2026-07-01,175,none,down,to_confirm,
