series_id,frequency,start,end,n_expected,n_values,n_missing,pct_missing,longest_gap,n_review,n_masked,n_provisional,confidence
bi_card_transactions.atm_debit.cards,monthly,2009-01-01,2026-07-01,211,211,0,0.0,0,1,0,2,high
bi_card_transactions.atm_debit.value,monthly,2009-01-01,2026-07-01,211,211,0,0.0,0,0,0,2,high
bi_card_transactions.atm_debit.volume,monthly,2009-01-01,2026-07-01,211,211,0,0.0,0,0,0,2,high
bi_card_transactions.credit.cards,monthly,2009-01-01,2026-07-01,211,211,0,0.0,0,0,0,2,high
bi_card_transactions.credit.value,monthly,2009-01-01,2026-07-01,211,211,0,0.0,0,0,0,2,high
bi_card_transactions.credit.volume,monthly,2009-01-01,2026-07-01,211,211,0,0.0,0,0,0,2,high
bi_emoney.float_funds,monthly,2013-01-01,2026-07-01,163,163,0,0.0,0,0,0,2,high
bi_emoney.float_funds_bank,monthly,2013-01-01,2026-07-01,163,163,0,0.0,0,0,0,2,high
bi_emoney.float_funds_nonbank,monthly,2013-01-01,2026-07-01,163,163,0,0.0,0,0,0,2,high
bi_emoney.instruments,monthly,2009-01-01,2026-07-01,211,211,0,0.0,0,0,0,2,high
bi_emoney.instruments_chip,monthly,2013-01-01,2026-07-01,163,163,0,0.0,0,0,0,2,high
bi_emoney.instruments_server,monthly,2013-01-01,2026-07-01,163,163,0,0.0,0,0,0,2,high
bi_emoney.value,monthly,2009-01-01,2026-07-01,211,211,0,0.0,0,0,0,2,high
bi_emoney.value_purchase,monthly,2009-01-01,2026-07-01,211,211,0,0.0,0,0,0,2,high
bi_emoney.value_topup,monthly,2013-01-01,2026-07-01,163,163,0,0.0,0,0,0,2,high
bi_emoney.volume,monthly,2009-01-01,2026-07-01,211,211,0,0.0,0,1,0,2,high
bi_emoney.volume_purchase,monthly,2009-01-01,2026-07-01,211,211,0,0.0,0,0,0,2,high
bi_emoney.volume_topup,monthly,2013-01-01,2026-07-01,163,163,0,0.0,0,1,0,2,high
bi_payment_system.currency_in_circulation,monthly,2012-01-01,2026-08-01,176,176,0,0.0,0,0,0,2,high
bi_payment_system.demand_deposits_rupiah,monthly,2012-01-01,2026-07-01,175,175,0,0.0,0,0,0,2,high
bi_payment_system.emoney_instruments_outstanding,monthly,2012-01-01,2026-07-01,175,175,0,0.0,0,0,0,2,high
bi_payment_system.narrow_money,monthly,2012-01-01,2026-07-01,175,175,0,0.0,0,0,0,2,high
bi_payment_system.rtgs.value,monthly,2012-01-01,2026-08-01,176,176,0,0.0,0,0,0,2,high
bi_payment_system.rtgs.volume,monthly,2012-01-01,2026-08-01,176,176,0,0.0,0,0,0,2,high
pihps.modern.01_beras,weekly,2018-12-31,2026-09-21,404,403,1,0.25,1,2,0,2,high
pihps.modern.02_daging_ayam,weekly,2018-12-31,2026-09-21,404,403,1,0.25,1,0,0,2,high
pihps.modern.03_daging_sapi,weekly,2018-12-31,2026-09-21,404,403,1,0.25,1,0,0,2,high
pihps.modern.04_telur_ayam,weekly,2018-12-31,2026-09-21,404,403,1,0.25,1,0,0,2,high
pihps.modern.05_bawang_merah,weekly,2018-12-31,2026-09-21,404,403,1,0.25,1,0,0,2,high
pihps.modern.06_bawang_putih,weekly,2018-12-31,2026-09-21,404,403,1,0.25,1,0,0,2,high
pihps.modern.07_cabai_merah,weekly,2018-12-31,2026-09-21,404,403,1,0.25,1,0,0,2,high
pihps.modern.08_cabai_rawit,weekly,2018-12-31,2026-09-21,404,403,1,0.25,1,0,0,2,high
pihps.modern.09_minyak_goreng,weekly,2018-12-31,2026-09-21,404,403,1,0.25,1,0,0,2,high
pihps.modern.10_gula_pasir,weekly,2018-12-31,2026-09-21,404,403,1,0.25,1,1,0,2,high
pihps.traditional.01_beras,weekly,2018-12-31,2026-09-21,404,401,3,0.74,1,1,0,2,high
pihps.traditional.02_daging_ayam,weekly,2018-12-31,2026-09-21,404,401,3,0.74,1,1,0,2,high
pihps.traditional.03_daging_sapi,weekly,2018-12-31,2026-09-21,404,401,3,0.74,1,1,0,2,high
pihps.traditional.04_telur_ayam,weekly,2018-12-31,2026-09-21,404,401,3,0.74,1,1,0,2,high
pihps.traditional.05_bawang_merah,weekly,2018-12-31,2026-09-21,404,401,3,0.74,1,1,0,2,high
pihps.traditional.06_bawang_putih,weekly,2018-12-31,2026-09-21,404,401,3,0.74,1,1,0,2,high
pihps.traditional.07_cabai_merah,weekly,2018-12-31,2026-09-21,404,401,3,0.74,1,1,0,2,high
pihps.traditional.08_cabai_rawit,weekly,2018-12-31,2026-09-21,404,401,3,0.74,1,1,0,2,high
pihps.traditional.09_minyak_goreng,weekly,2018-12-31,2026-09-21,404,401,3,0.74,1,1,0,2,high
pihps.traditional.10_gula_pasir,weekly,2018-12-31,2026-09-21,404,401,3,0.74,1,1,0,2,high
pihps.wholesale.01_beras,weekly,2018-12-31,2026-09-21,404,403,1,0.25,1,0,0,2,high
pihps.wholesale.02_daging_ayam,weekly,2018-12-31,2026-09-21,404,403,1,0.25,1,0,0,2,high
pihps.wholesale.03_daging_sapi,weekly,2018-12-31,2026-09-21,404,403,1,0.25,1,0,0,2,high
pihps.wholesale.04_telur_ayam,weekly,2018-12-31,2026-09-21,404,403,1,0.25,1,0,0,2,high
pihps.wholesale.05_bawang_merah,weekly,2018-12-31,2026-09-21,404,403,1,0.25,1,0,0,2,high
pihps.wholesale.06_bawang_putih,weekly,2018-12-31,2026-09-21,404,403,1,0.25,1,0,0,2,high
pihps.wholesale.07_cabai_merah,weekly,2018-12-31,2026-09-21,404,403,1,0.25,1,0,0,2,high
pihps.wholesale.08_cabai_rawit,weekly,2018-12-31,2026-09-21,404,403,1,0.25,1,0,0,2,high
pihps.wholesale.09_minyak_goreng,weekly,2018-12-31,2026-09-21,404,403,1,0.25,1,0,0,2,high
pihps.wholesale.10_gula_pasir,weekly,2018-12-31,2026-09-21,404,403,1,0.25,1,0,0,2,high
